,vid,vehicle_class,vocation,vehicle_type,fuel_type,drivetrain_type,vehicle_construction_year,load_capacity,scheduled_maintenance,position_latitude,position_longitude,vehicle_status,licence_plate,predicted_maintenance_probability,predicted_weeks_until_maintenance
0,1,7,Beverage Delivery,Tractor,Diesel,Conventional,2005,17720,5,49.64210095,-89.67121571,unused,NRL-001,0.18343678,30
1,2,7,Beverage Delivery,Tractor,Diesel,Conventional,2011,15780,9,44.76976852,-84.3600452,delayed,NRL-002,0.30238593,4
2,3,8,Beverage Delivery,Tractor,Diesel,Parallel Hybrid,2012,56939,14,40.06830098,-83.30711626,on time,NRL-003,0.18343678,30
3,4,8,Beverage Delivery,Tractor,Diesel,Parallel Hybrid,2008,37555,1,37.13277265,-88.87855997,maintenance,NRL-004,0.18343678,30
4,5,8,Beverage Delivery,Tractor,Diesel,Conventional,2009,23420,19,33.94141224,-86.96380166,on time,NRL-005,0.18343678,30
5,6,8,Beverage Delivery,Tractor,Diesel,Parallel Hybrid,2011,49103,13,38.83871967,-97.53730384,unused,NRL-006,0.18343678,30
6,8,8,Beverage Delivery,Tractor,Diesel,Conventional,2005,59639,11,34.04156909,-115.49507333,on time,NRL-007,0.18343678,30
7,9,4,Parcel Delivery,Walk In,Diesel,Conventional,2015,5674,14,35.16190917,-112.23236575,on time,NRL-008,0.18343678,30
8,10,4,Parcel Delivery,Walk In,Diesel,Parallel Hybrid,2000,6904,9,36.1965874,-98.62233877,idle,NRL-009,0.18343678,30
9,11,4,Parcel Delivery,Walk In,Diesel,Parallel Hybrid,2016,6655,3,48.77169151,-104.29666248,delayed,NRL-010,0.18343678,30
10,12,4,Parcel Delivery,Walk In,Diesel,Parallel Hybrid,2001,5940,3,39.57825738,-90.353542,unused,NRL-011,0.18343678,30
11,14,4,Parcel Delivery,Walk In,Diesel,Parallel Hybrid,2012,6732,3,44.20496963,-103.25839366,delayed,NRL-012,0.18343678,30
12,15,4,Parcel Delivery,Walk In,Diesel,Parallel Hybrid,2007,6066,22,44.09100459,-110.29767276,idle,NRL-013,0.18343678,30
13,16,4,Parcel Delivery,Walk In,Diesel,Parallel Hybrid,2013,6475,1,39.23031496,-89.68955114,maintenance,NRL-014,0.18343678,30
14,17,4,Parcel Delivery,Walk In,Diesel,Parallel Hybrid,2006,6083,3,49.82571262,-93.55800619,idle,NRL-015,0.18343678,30
15,18,4,Parcel Delivery,Walk In,Diesel,Parallel Hybrid,2005,6026,16,35.0405288,-97.2264202,delayed,NRL-016,0.18343678,30
16,20,4,Parcel Delivery,Walk In,Diesel,Parallel Hybrid,2011,6217,5,42.89066309,-108.48388107,on time,NRL-017,0.18343678,30
17,23,8,Beverage Delivery,Tractor,Diesel,Parallel Hybrid,2010,35527,0,40.94904197,-89.79652353,on time,NRL-018,0.18343678,30
18,24,8,Beverage Delivery,Tractor,Diesel,Parallel Hybrid,2014,30673,5,40.39393895,-110.74365547,idle,NRL-019,0.18343678,30
19,25,8,Beverage Delivery,Tractor,Diesel,Parallel Hybrid,2004,49517,18,33.83234923,-98.09451104,unused,NRL-020,0.18343678,30
20,26,7,Warehouse Delivery,Straight Truck,Diesel,Conventional,2009,16796,14,47.57085852,-84.34535716,unused,NRL-021,0.18343678,30
21,28,7,Warehouse Delivery,Straight Truck,Diesel,Conventional,2017,17601,7,46.49722579,-87.27120059,delayed,NRL-022,0.18343678,30
22,29,7,Warehouse Delivery,Straight Truck,Diesel,Conventional,2000,16002,6,37.98380792,-116.74251449,idle,NRL-023,0.18343678,30
23,30,7,Warehouse Delivery,Straight Truck,Diesel,Conventional,2013,13626,20,38.0054055,-101.64145271,on time,NRL-024,0.18343678,30
24,31,7,Warehouse Delivery,Straight Truck,Diesel,Conventional,2009,18870,10,35.10425632,-88.55195643,delayed,NRL-025,0.30238593,4
25,32,7,Warehouse Delivery,Straight Truck,Diesel,Conventional,2009,14580,0,43.22485237,-109.85255442,unused,NRL-026,0.18343678,30
26,33,7,Warehouse Delivery,Straight Truck,Diesel,Conventional,2007,16109,14,38.37929439,-83.72049653,on time,NRL-027,0.18343678,30
27,36,7,Parcel Delivery,Straight Truck,Diesel,Conventional,2001,13150,18,36.58038393,-115.31438354,idle,NRL-028,0.18343678,30
28,37,7,Parcel Delivery,Straight Truck,Diesel,Conventional,2000,15486,4,38.35438919,-97.18517856,on time,NRL-029,0.18343678,30
29,38,7,Parcel Delivery,Straight Truck,Diesel,Conventional,2017,17620,24,36.21113815,-93.5138919,delayed,NRL-030,0.18343678,30
30,39,7,Parcel Delivery,Straight Truck,Diesel,Parallel Hybrid,2008,17472,7,48.92226005,-111.95334396,on time,NRL-031,0.18343678,30
31,40,7,Parcel Delivery,Straight Truck,Diesel,Conventional,2013,14996,22,42.24579843,-115.09356107,delayed,NRL-032,0.18343678,30
32,42,7,Parcel Delivery,Straight Truck,Diesel,Conventional,2015,17823,23,36.82555968,-115.29644726,idle,NRL-033,0.18343678,30
33,43,7,Parcel Delivery,Straight Truck,Diesel,Conventional,2010,13423,7,34.16860561,-104.19691788,unused,NRL-034,0.18343678,30
34,44,7,Parcel Delivery,Straight Truck,Diesel,Conventional,2008,13637,10,47.34684836,-112.78886049,delayed,NRL-035,0.18343678,30
35,45,7,Parcel Delivery,Straight Truck,Diesel,Conventional,2007,16115,12,45.73363035,-102.18964064,on time,NRL-036,0.18343678,30
36,46,7,Parcel Delivery,Straight Truck,Diesel,Conventional,2003,18580,17,36.15584716,-105.68366433,on time,NRL-037,0.18343678,30
37,47,5,Food Delivery,Straight Truck,Diesel,Conventional,2006,7882,7,42.25677,-102.26795551,delayed,NRL-038,0.18343678,30
38,48,5,Food Delivery,Straight Truck,Diesel,Conventional,2017,7806,7,49.73171214,-93.3790348,on time,NRL-039,0.18343678,30
39,49,5,Food Delivery,Straight Truck,Diesel,Conventional,2003,8627,19,46.3009336,-115.25938714,idle,NRL-040,0.18343678,30
40,50,5,Food Delivery,Straight Truck,Diesel,Conventional,2004,7624,24,42.31795401,-87.77360390000001,idle,NRL-041,0.18343678,30
41,51,5,Food Delivery,Straight Truck,Diesel,Conventional,2017,7837,19,39.82113656,-111.66480868,on time,NRL-042,0.18343678,30
42,52,5,Food Delivery,Straight Truck,Diesel,Conventional,2011,8762,0,40.39799071,-88.56500532,unused,NRL-043,0.18343678,30
43,53,5,Food Delivery,Straight Truck,Diesel,Conventional,2012,9465,12,46.13124728,-88.78736078,on time,NRL-044,0.18343678,30
44,54,5,Food Delivery,Straight Truck,Diesel,Conventional,2016,9219,6,39.06855109,-85.76801605,delayed,NRL-045,0.18343678,30
45,55,5,Food Delivery,Straight Truck,Diesel,Conventional,2013,8434,19,37.80389793,-94.91661919,delayed,NRL-046,0.18343678,30
46,56,5,Food Delivery,Straight Truck,Diesel,Conventional,2009,7696,0,41.42324777,-91.82093381,idle,NRL-047,0.18343678,30
47,58,6,Linen Delivery,Step Van,Diesel,Conventional,2015,12513,22,37.7740363,-93.91109552,on time,NRL-048,0.18343678,30
48,59,5,Linen Delivery,Step Van,Diesel,Parallel Hybrid,2000,8332,5,43.18628762,-87.93580056,on time,NRL-049,0.18343678,30
49,60,6,Linen Delivery,Step Van,Diesel,Parallel Hybrid,2004,10101,9,34.60883424,-100.11521421,on time,NRL-050,0.18343678,30
50,61,5,Linen Delivery,Step Van,Diesel,Conventional,2015,7539,22,50.03463887,-93.11936878,on time,NRL-051,0.18343678,30
51,62,5,Linen Delivery,Step Van,Diesel,Parallel Hybrid,2002,9091,12,38.60301652,-99.44770741,unused,NRL-052,0.18343678,30
52,63,6,Linen Delivery,Step Van,Diesel,Parallel Hybrid,2007,10525,20,39.64653793,-113.98949107,on time,NRL-053,0.18343678,30
53,64,6,Linen Delivery,Step Van,Diesel,Conventional,2008,11886,13,48.64349315,-109.25075002,delayed,NRL-054,0.18343678,30
54,65,6,Linen Delivery,Step Van,Diesel,Parallel Hybrid,2009,12699,22,40.40574149,-85.95155348,idle,NRL-055,0.18343678,30
55,66,5,Linen Delivery,Step Van,Diesel,Parallel Hybrid,2003,7606,6,40.59016119,-96.79771258,on time,NRL-056,0.18343678,30
56,67,6,Linen Delivery,Step Van,Diesel,Parallel Hybrid,2007,9910,18,34.71722812,-105.42800473,on time,NRL-057,0.18343678,30
57,68,6,Linen Delivery,Step Van,Diesel,Conventional,2004,10042,18,47.84727525,-100.82507071,accident,NRL-058,0.18343678,30
58,70,6,Linen Delivery,Step Van,Diesel,Conventional,2005,12419,20,39.51271462,-87.81998551,idle,NRL-059,0.18343678,30
59,71,6,Linen Delivery,Step Van,Diesel,Conventional,2006,10588,17,46.20534741,-97.50022355,delayed,NRL-060,0.18343678,30
60,72,5,Linen Delivery,Step Van,Diesel,Conventional,2008,8174,2,48.1749873,-101.70198862,unused,NRL-061,0.18343678,30
61,74,7,Linen Delivery,Straight Truck,Diesel,Conventional,2000,15658,19,49.7449309,-89.56723109,accident,NRL-062,0.49176627,2
62,75,5,Linen Delivery,Step Van,Diesel,Parallel Hybrid,2002,8667,25,44.48751448,-89.07059187,on time,NRL-063,0.18343678,30
63,76,6,Linen Delivery,Step Van,Diesel,Conventional,2010,9570,13,41.08877715,-101.89368836,delayed,NRL-064,0.18343678,30
64,77,6,Linen Delivery,Step Van,Diesel,Conventional,2015,10152,11,37.328791100000004,-103.02078759999999,on time,NRL-065,0.18343678,30
65,78,8,Beverage Delivery,Tractor,Diesel,Parallel Hybrid,2015,42847,19,34.99360042,-112.58626982,on time,NRL-066,0.18343678,30
66,79,8,Beverage Delivery,Tractor,Diesel,Parallel Hybrid,2007,37662,22,40.73228253,-91.27197058,delayed,NRL-067,0.18343678,30
67,80,8,Beverage Delivery,Tractor,Diesel,Parallel Hybrid,2010,20200,15,42.76181057,-114.07176507,delayed,NRL-068,0.18343678,30
68,81,8,Beverage Delivery,Tractor,Diesel,Parallel Hybrid,2014,35701,7,41.48700708,-94.67346773,on time,NRL-069,0.18343678,30
69,83,8,Beverage Delivery,Tractor,Diesel,Parallel Hybrid,2000,21502,16,45.80088191,-85.61622444,delayed,NRL-070,0.18343678,30
70,84,8,Beverage Delivery,Tractor,Diesel,Conventional,2001,38213,19,40.3289463,-88.74525002,on time,NRL-071,0.18343678,30
71,85,8,Beverage Delivery,Tractor,Diesel,Conventional,2017,45050,11,34.808222799999996,-102.90747254,delayed,NRL-072,0.18343678,30
72,86,8,Beverage Delivery,Tractor,Diesel,Parallel Hybrid,2013,59570,19,37.04377373,-99.76874912,on time,NRL-073,0.18343678,30
73,87,8,Beverage Delivery,Tractor,Diesel,Parallel Hybrid,2003,46100,15,37.69826547,-114.02190438,unused,NRL-074,0.18343678,30
74,88,8,Beverage Delivery,Tractor,Diesel,Parallel Hybrid,2000,30754,6,35.60060665,-97.15226447,delayed,NRL-075,0.18343678,30
75,89,8,Beverage Delivery,Tractor,Diesel,Parallel Hybrid,2013,26519,24,36.76738997,-87.81868336,unused,NRL-076,0.18343678,30
76,90,8,Beverage Delivery,Tractor,Diesel,Parallel Hybrid,2006,54721,22,48.60459423,-101.34308111,on time,NRL-077,0.18343678,30
77,91,8,Beverage Delivery,Tractor,Diesel,Parallel Hybrid,2006,42209,11,34.64789454,-91.26578503,on time,NRL-078,0.18343678,30
78,92,8,Beverage Delivery,Tractor,Diesel,Parallel Hybrid,2002,45041,5,35.2550235,-112.91860333,on time,NRL-079,0.18343678,30
79,93,8,Beverage Delivery,Tractor,Diesel,Parallel Hybrid,2012,48528,1,34.805870299999995,-106.49428281,maintenance,NRL-080,0.18343678,30
80,94,8,Beverage Delivery,Tractor,Diesel,Parallel Hybrid,2011,38190,15,36.51245298,-98.24708234,delayed,NRL-081,0.18343678,30
81,95,8,Beverage Delivery,Tractor,Diesel,Parallel Hybrid,2007,47381,19,38.04136061,-104.9562327,idle,NRL-082,0.18343678,30
82,96,8,Beverage Delivery,Tractor,Diesel,Parallel Hybrid,2013,33028,2,42.64810504,-96.9654378,on time,NRL-083,0.18343678,30
83,97,8,Beverage Delivery,Tractor,Diesel,Parallel Hybrid,2008,23946,22,40.79327544,-84.51663476,delayed,NRL-084,0.18343678,30
84,98,8,Beverage Delivery,Tractor,Diesel,Parallel Hybrid,2011,35489,13,43.54574965,-84.13267194,on time,NRL-085,0.18343678,30
85,99,8,Beverage Delivery,Tractor,Diesel,Parallel Hybrid,2012,48840,19,33.92834285,-99.77293991,idle,NRL-086,0.18343678,30
86,100,8,Beverage Delivery,Tractor,Diesel,Parallel Hybrid,2011,24278,10,49.15551298,-94.17996693,accident,NRL-087,0.18343678,30
87,101,8,Beverage Delivery,Tractor,Diesel,Parallel Hybrid,2004,50859,22,42.78105722,-81.54857133,idle,NRL-088,0.18343678,30
88,102,5,Parcel Delivery,Walk In,Diesel,Parallel Hybrid,2007,9260,13,38.72804727,-97.46275694,idle,NRL-089,0.18343678,30
89,103,5,Parcel Delivery,Walk In,Diesel,Parallel Hybrid,2007,7803,7,50.59551317,-85.36291529,on time,NRL-090,0.18343678,30
90,104,5,Parcel Delivery,Walk In,Diesel,Parallel Hybrid,2013,7337,18,42.23997437,-89.78985748,idle,NRL-091,0.18343678,30
91,105,5,Parcel Delivery,Walk In,Diesel,Parallel Hybrid,2004,7770,8,48.86458718,-95.48335123,on time,NRL-092,0.18343678,30
92,106,5,Parcel Delivery,Walk In,Diesel,Conventional,2016,7213,12,34.84948024,-102.17296195,on time,NRL-093,0.18343678,30
93,107,5,Parcel Delivery,Walk In,Diesel,Conventional,2000,9141,16,39.8507398,-101.62638205,accident,NRL-094,0.18343678,30
94,108,5,Parcel Delivery,Walk In,Diesel,Parallel Hybrid,2013,7621,17,36.90633663,-87.51542457,delayed,NRL-095,0.18343678,30
95,109,5,Parcel Delivery,Walk In,Diesel,Conventional,2010,7848,11,37.40560519,-94.6166874,on time,NRL-096,0.18343678,30
96,110,5,Parcel Delivery,Walk In,Diesel,Parallel Hybrid,2017,9376,24,50.15704946,-91.55621515,delayed,NRL-097,0.18343678,30
97,111,5,Parcel Delivery,Walk In,Diesel,Parallel Hybrid,2007,8666,6,46.08503922,-103.64418347,unused,NRL-098,0.18343678,30
98,112,3,Parcel Delivery,Step Van,Diesel,Conventional,2010,4763,0,45.78803518,-106.48965690000001,idle,NRL-099,0.18343678,30
99,115,5,Parcel Delivery,Walk In,Diesel,Parallel Hybrid,2000,9445,16,43.70137345,-115.24024897,idle,NRL-100,0.18343678,30
100,116,5,Parcel Delivery,Walk In,Diesel,Parallel Hybrid,2012,8449,1,45.82754554,-89.09739165,maintenance,NRL-101,0.18343678,30
101,117,3,Parcel Delivery,Step Van,Diesel,Conventional,2001,4192,18,34.54138715,-98.66605695,idle,NRL-102,0.19628994,30
102,118,3,Parcel Delivery,Step Van,Diesel,Conventional,2009,4042,23,49.88795023,-102.42225052,on time,NRL-103,0.18343678,30
103,119,3,Parcel Delivery,Step Van,Diesel,Conventional,2001,3225,7,39.21858893,-94.06826856,delayed,NRL-104,0.18343678,30
104,120,3,Parcel Delivery,Step Van,Diesel,Conventional,2002,3319,20,49.41713327,-112.53117883,idle,NRL-105,0.18343678,30
105,121,3,Parcel Delivery,Step Van,Diesel,Conventional,2012,4582,14,37.43478421,-92.90407085,delayed,NRL-106,0.18343678,30
106,122,3,Parcel Delivery,Step Van,Diesel,Conventional,2007,5265,4,43.99125447,-92.17906119,on time,NRL-107,0.18343678,30
107,124,6,Linen Delivery,Walk In,Diesel,Conventional,2002,10499,0,38.01614361,-106.483935,on time,NRL-108,0.18343678,30
108,125,6,Linen Delivery,Walk In,Diesel,Conventional,2010,9612,1,49.23418105,-113.77120053,maintenance,NRL-109,0.18343678,30
109,126,6,Linen Delivery,Walk In,Diesel,Conventional,2000,12059,16,47.83623392,-94.36728401,on time,NRL-110,0.18343678,30
110,127,6,Linen Delivery,Walk In,Diesel,Parallel Hybrid,2009,11905,24,46.21009147,-82.64859675,on time,NRL-111,0.18343678,30
111,128,6,Linen Delivery,Walk In,Diesel,Conventional,2006,12062,21,39.16427444,-109.24267988,on time,NRL-112,0.18343678,30
112,129,6,Linen Delivery,Walk In,Diesel,Parallel Hybrid,2002,12670,22,41.86723994,-101.65039543,on time,NRL-113,0.18343678,30
113,130,6,Linen Delivery,Walk In,Diesel,Parallel Hybrid,2007,11320,2,47.72666958,-87.94222022,unused,NRL-114,0.18343678,30
114,131,6,Linen Delivery,Walk In,Diesel,Parallel Hybrid,2007,10215,21,48.56956131,-85.83951636,on time,NRL-115,0.18343678,30
115,132,8,Beverage Delivery,Tractor,Diesel,Parallel Hybrid,2016,42994,4,35.87706815,-103.71319895,on time,NRL-116,0.18343678,30
116,133,8,Beverage Delivery,Tractor,Diesel,Parallel Hybrid,2015,45282,3,44.87428989,-93.76643788,on time,NRL-117,0.18343678,30
117,134,8,Beverage Delivery,Tractor,Diesel,Parallel Hybrid,2005,23890,16,35.50703225,-105.58414238,unused,NRL-118,0.18343678,30
118,135,8,Beverage Delivery,Tractor,Diesel,Parallel Hybrid,2017,47904,22,45.07208928,-102.23462682,accident,NRL-119,0.18343678,30
119,136,8,Beverage Delivery,Tractor,Diesel,Parallel Hybrid,2010,26061,18,38.50410182,-99.69949809,unused,NRL-120,0.18343678,30
120,137,8,Beverage Delivery,Tractor,Diesel,Parallel Hybrid,2016,25108,1,34.88302359,-113.12423026,maintenance,NRL-121,0.18343678,30
121,138,8,Beverage Delivery,Tractor,Diesel,Parallel Hybrid,2005,55389,11,47.57254308,-114.37578919,delayed,NRL-122,0.18343678,30
122,139,8,Beverage Delivery,Tractor,Diesel,Parallel Hybrid,2013,42529,11,45.50735817,-82.57168929,on time,NRL-123,0.18343678,30
123,140,8,Beverage Delivery,Tractor,Diesel,Parallel Hybrid,2017,50208,25,39.66225578,-91.05511603,delayed,NRL-124,0.18343678,30
124,141,8,Beverage Delivery,Tractor,Diesel,Conventional,2001,40738,20,39.77855787,-91.842667,on time,NRL-125,0.18343678,30
125,142,8,Beverage Delivery,Tractor,Diesel,Parallel Hybrid,2010,37187,12,45.99890925,-107.30697628,on time,NRL-126,0.18343678,30
126,143,8,Beverage Delivery,Tractor,Diesel,Parallel Hybrid,2000,41422,4,49.28841576,-92.03768832,on time,NRL-127,0.18343678,30
127,144,8,Beverage Delivery,Tractor,Diesel,Parallel Hybrid,2007,54334,13,42.29074151,-106.41281922,on time,NRL-128,0.18343678,30
128,145,8,Beverage Delivery,Tractor,Diesel,Parallel Hybrid,2000,29336,0,41.35216085,-86.55377633,accident,NRL-129,0.18343678,30
129,146,8,Beverage Delivery,Tractor,Diesel,Conventional,2017,22726,25,41.58940742,-102.52795036,on time,NRL-130,0.18343678,30
130,147,8,Beverage Delivery,Tractor,Diesel,Conventional,2014,37532,8,40.87457257,-104.71335416,delayed,NRL-131,0.18343678,30
131,148,8,Beverage Delivery,Tractor,Diesel,Parallel Hybrid,2013,56207,7,46.63186619,-85.73187066,delayed,NRL-132,0.18343678,30
132,149,8,Beverage Delivery,Tractor,Diesel,Conventional,2011,31195,7,37.38297875,-106.15895319,delayed,NRL-133,0.18343678,30
133,150,8,Beverage Delivery,Tractor,Diesel,Parallel Hybrid,2006,30967,22,46.90341438,-116.55140903,delayed,NRL-134,0.18343678,30
134,151,8,Beverage Delivery,Tractor,Diesel,Parallel Hybrid,2013,19379,1,44.24727122,-89.29099685,maintenance,NRL-135,0.18343678,30
135,152,8,Beverage Delivery,Tractor,Diesel,Conventional,2015,21592,7,45.34647544,-95.27962002,delayed,NRL-136,0.18343678,30
136,154,7,Food Delivery,Tractor,Diesel,Parallel Hybrid,2009,14883,2,48.10639917,-90.33703546,accident,NRL-137,0.18343678,30
137,155,7,Food Delivery,Tractor,Diesel,Parallel Hybrid,2002,16046,4,40.87673864,-83.24256743,on time,NRL-138,0.18343678,30
138,156,7,Food Delivery,Tractor,Diesel,Parallel Hybrid,2007,16734,5,45.4574518,-89.14726655,unused,NRL-139,0.30238593,4
139,157,7,Food Delivery,Tractor,Diesel,Parallel Hybrid,2005,18217,22,45.39050021,-109.85474284,delayed,NRL-140,0.18343678,30
140,158,7,Food Delivery,Tractor,Diesel,Conventional,2004,16526,7,45.6709054,-95.96575412,on time,NRL-141,0.18343678,30
141,159,7,Food Delivery,Tractor,Diesel,Parallel Hybrid,2005,14700,18,46.30435342,-87.99900882,delayed,NRL-142,0.18343678,30
142,160,7,Food Delivery,Tractor,Diesel,Parallel Hybrid,2008,15843,12,42.18980541,-104.44258875,delayed,NRL-143,0.18343678,30
143,161,7,Food Delivery,Tractor,Diesel,Conventional,2013,16557,13,49.63582454,-104.87647068,on time,NRL-144,0.18343678,30
144,162,7,Food Delivery,Tractor,Diesel,Parallel Hybrid,2017,17660,0,38.85780444,-100.63364694,unused,NRL-145,0.18343678,30
145,220,6,Parcel Delivery,Walk In,Diesel,Conventional,2017,11138,21,38.55710843,-94.52172488,idle,NRL-146,0.18343678,30
146,221,6,Parcel Delivery,Walk In,Diesel,Conventional,2015,11022,18,34.45684017,-114.55470551,unused,NRL-147,0.18343678,30
147,222,6,Parcel Delivery,Walk In,Diesel,Hydraulic Hybrid,2013,10234,7,41.74881105,-86.67796948,delayed,NRL-148,0.18343678,30
148,223,6,Parcel Delivery,Walk In,Diesel,Hydraulic Hybrid,2008,12949,15,35.96677171,-91.44245759999998,delayed,NRL-149,0.18343678,30
149,224,6,Parcel Delivery,Walk In,Diesel,Conventional,2014,10318,25,42.05142542,-93.77648941,on time,NRL-150,0.18343678,30
150,225,6,Parcel Delivery,Walk In,Diesel,Hydraulic Hybrid,2013,10314,9,43.88406169,-98.74806046,on time,NRL-151,0.18343678,30
151,226,6,Parcel Delivery,Walk In,Diesel,Hydraulic Hybrid,2016,10019,23,39.04007642,-98.05588382,idle,NRL-152,0.18343678,30
152,227,6,Parcel Delivery,Walk In,Diesel,Conventional,2010,10993,1,41.14633363,-99.16805697,maintenance,NRL-153,0.18343678,30
153,228,6,Parcel Delivery,Walk In,Diesel,Conventional,2013,9772,1,44.91690339,-115.48657325,maintenance,NRL-154,0.18343678,30
154,230,6,Parcel Delivery,Walk In,Diesel,Hydraulic Hybrid,2003,12291,13,49.13924827,-91.98112197,on time,NRL-155,0.18343678,30
155,231,6,Parcel Delivery,Walk In,Diesel,Conventional,2002,11193,20,45.41155079,-89.72342892,on time,NRL-156,0.18343678,30
156,232,6,Parcel Delivery,Walk In,Diesel,Hydraulic Hybrid,2014,10407,6,34.5905926,-106.6069233,delayed,NRL-157,0.18343678,30
157,233,6,Parcel Delivery,Walk In,Diesel,Conventional,2014,10969,21,33.94026848,-105.59913633,delayed,NRL-158,0.18343678,30
158,234,6,Parcel Delivery,Walk In,Diesel,Conventional,2000,10518,6,34.66289954,-98.70197286,on time,NRL-159,0.18343678,30
159,239,7,Local Delivery,Tractor,Diesel,Conventional,2011,14806,20,42.73985675,-104.59833214,delayed,NRL-160,0.2030628,30
160,240,7,Local Delivery,Tractor,Diesel,Conventional,2003,16614,1,44.50960586,-116.16227991,maintenance,NRL-161,0.18343678,30
161,241,7,Local Delivery,Tractor,Diesel,Conventional,2001,18256,1,50.35285245,-101.26311171,maintenance,NRL-162,0.21692581,30
162,242,8,Utility,Bucket Truck,Diesel,Conventional,2002,52712,21,41.5514997,-114.38680626,on time,NRL-163,0.18343678,30
163,246,8,Utility,Bucket Truck,Diesel,Conventional,2016,50902,17,49.16575934,-114.49759128,delayed,NRL-164,0.2030628,30
164,254,7,Beverage Delivery,Tractor,Diesel,Conventional,2000,18527,18,37.21845534,-101.03149507,unused,NRL-165,0.18343678,30
165,255,7,Beverage Delivery,Tractor,Diesel,Conventional,2010,13732,6,37.01407737,-115.96336847,on time,NRL-166,0.18343678,30
166,257,7,Beverage Delivery,Tractor,Diesel,Conventional,2008,13704,11,39.244164399999995,-112.60149088,on time,NRL-167,0.18343678,30
167,258,7,Beverage Delivery,Tractor,Diesel,Conventional,2013,15791,18,41.09091507,-82.08710643,on time,NRL-168,0.18343678,30
168,284,3,Telecom,Bucket Truck,Gasoline,Conventional,2003,3657,3,47.51666053,-91.35985874,idle,NRL-169,0.18343678,30
169,286,3,Telecom,Bucket Truck,Gasoline,Conventional,2000,3762,19,47.13675465,-111.32241868,on time,NRL-170,0.18343678,30
170,287,3,Telecom,Bucket Truck,Gasoline,Conventional,2008,3417,2,45.50226909,-95.61730608,on time,NRL-171,0.18343678,30
171,288,3,Telecom,Bucket Truck,Gasoline,Conventional,2013,3522,3,38.07164111,-114.00906499,delayed,NRL-172,0.18343678,30
172,289,2,Telecom,Service Van,Gasoline,Conventional,2015,2552,0,42.36576878,-86.19267921,delayed,NRL-173,0.18343678,30
173,290,2,Telecom,Service Van,Gasoline,Conventional,2009,2471,10,49.20893667,-93.0328717,idle,NRL-174,0.18343678,30
174,291,3,Telecom,Bucket Truck,Gasoline,Conventional,2000,3042,0,37.38109459,-92.72495996,delayed,NRL-175,0.18343678,30
175,292,3,Telecom,Bucket Truck,Gasoline,Conventional,2012,4622,1,35.57661429,-85.46087586,maintenance,NRL-176,0.18343678,30
176,293,3,Telecom,Bucket Truck,Gasoline,Conventional,2017,4849,5,36.81315948,-94.99784696,on time,NRL-177,0.18343678,30
177,295,3,Telecom,Bucket Truck,Gasoline,Conventional,2010,3312,0,34.72360134,-90.11007307,delayed,NRL-178,0.18343678,30
178,296,3,Telecom,Bucket Truck,Gasoline,Conventional,2012,3373,5,34.11794989,-84.15438691,on time,NRL-179,0.18343678,30
179,297,3,Telecom,Bucket Truck,Gasoline,Conventional,2015,3721,14,41.86600146,-103.68680436,idle,NRL-180,0.18343678,30
180,298,3,Telecom,Bucket Truck,Gasoline,Conventional,2014,4840,8,48.274371200000004,-116.34684092,delayed,NRL-181,0.18343678,30
181,299,2,Telecom,Service Van,Gasoline,Conventional,2011,2001,11,49.64382276,-89.94065973,delayed,NRL-182,0.18343678,30
182,300,2,Telecom,Service Van,Gasoline,Conventional,2007,2287,12,49.92957328,-99.99312227,on time,NRL-183,0.18343678,30
183,301,3,Telecom,Bucket Truck,Gasoline,Conventional,2003,4420,24,38.08562035,-88.58810848,unused,NRL-184,0.18343678,30
184,302,3,Telecom,Bucket Truck,Gasoline,Conventional,2015,3153,16,47.76077824,-114.37838087,idle,NRL-185,0.18343678,30
185,303,3,Telecom,Bucket Truck,Gasoline,Conventional,2014,3333,0,43.5207464,-101.65289412,idle,NRL-186,0.18343678,30
186,304,3,Telecom,Bucket Truck,Gasoline,Conventional,2002,4284,0,47.84384694,-114.54775168,delayed,NRL-187,0.18343678,30
187,305,3,Telecom,Bucket Truck,Gasoline,Conventional,2004,3886,9,49.38409053,-115.94761304,on time,NRL-188,0.18343678,30
188,306,3,Telecom,Bucket Truck,Gasoline,Conventional,2004,3667,24,35.17476921,-89.63669329999999,accident,NRL-189,0.18343678,30
189,307,3,Telecom,Bucket Truck,Gasoline,Conventional,2000,4667,21,34.73322104,-100.01643756,delayed,NRL-190,0.18343678,30
190,309,4,Parcel Delivery,Step Van,Diesel,Conventional,2003,6654,25,37.16772862,-87.73822485,on time,NRL-191,0.18343678,30
191,310,4,Parcel Delivery,Step Van,Diesel,Conventional,2005,6344,14,47.06106464,-105.00243964,idle,NRL-192,0.18343678,30
192,311,4,Parcel Delivery,Step Van,Diesel,Parallel Hybrid,2006,5852,3,34.13961643,-100.42191600000001,delayed,NRL-193,0.18343678,30
193,312,4,Parcel Delivery,Step Van,Diesel,Conventional,2015,6841,4,35.22764154,-84.60356811,on time,NRL-194,0.18343678,30
194,313,4,Parcel Delivery,Step Van,Diesel,Parallel Hybrid,2007,6923,0,39.27189088,-114.64520629,idle,NRL-195,0.18343678,30
195,315,4,Parcel Delivery,Step Van,Diesel,Parallel Hybrid,2005,5856,25,36.58742463,-94.20043375,unused,NRL-196,0.18343678,30
196,316,4,Parcel Delivery,Step Van,Diesel,Conventional,2015,6006,13,48.28810999,-116.23988356,delayed,NRL-197,0.18343678,30
197,317,4,Parcel Delivery,Step Van,Diesel,Parallel Hybrid,2017,6408,24,36.38636284,-103.91808701,on time,NRL-198,0.18343678,30
198,319,4,Parcel Delivery,Step Van,Diesel,Conventional,2000,6414,6,41.63912117,-96.30615289,delayed,NRL-199,0.18343678,30
199,320,4,Parcel Delivery,Step Van,Diesel,Parallel Hybrid,2010,6682,19,45.33450728,-95.48416205,on time,NRL-200,0.18343678,30
200,321,4,Parcel Delivery,Step Van,Diesel,Parallel Hybrid,2010,5644,10,45.73025675,-93.0943819,unused,NRL-201,0.18343678,30
201,322,4,Parcel Delivery,Step Van,Diesel,Conventional,2002,6456,25,49.16067366,-110.38880863,on time,NRL-202,0.18343678,30
202,323,4,Parcel Delivery,Step Van,Diesel,Conventional,2002,6951,25,45.18721062,-113.19344551,delayed,NRL-203,0.18343678,30
203,324,4,Parcel Delivery,Step Van,Diesel,Parallel Hybrid,2017,5787,0,49.80850839,-104.59491286,idle,NRL-204,0.18343678,30
204,325,4,Parcel Delivery,Step Van,Diesel,Conventional,2004,6111,8,48.52900397,-83.65721459,idle,NRL-205,0.18343678,30
205,326,4,Parcel Delivery,Step Van,Diesel,Parallel Hybrid,2000,6824,1,43.85414555,-113.38823441,maintenance,NRL-206,0.18343678,30
206,327,4,Parcel Delivery,Step Van,Diesel,Parallel Hybrid,2014,6292,22,44.10952057,-92.99805846,unused,NRL-207,0.18343678,30
207,328,4,Parcel Delivery,Step Van,Diesel,Parallel Hybrid,2017,6458,6,40.32268142,-87.66238904,on time,NRL-208,0.18343678,30
208,329,4,Parcel Delivery,Step Van,Diesel,Conventional,2007,6415,1,46.73304497,-99.23930208,maintenance,NRL-209,0.18343678,30
209,330,4,Parcel Delivery,Step Van,Diesel,Parallel Hybrid,2003,5504,19,36.27310094,-87.49278354,accident,NRL-210,0.18343678,30
210,331,4,Parcel Delivery,Step Van,Diesel,Parallel Hybrid,2017,6051,7,34.004917600000006,-87.23743358,on time,NRL-211,0.18343678,30
211,332,4,Parcel Delivery,Step Van,Diesel,Parallel Hybrid,2006,5624,13,36.77426977,-82.70888225,unused,NRL-212,0.18343678,30
212,567,3,Food Delivery,Straight Truck,Diesel,Conventional,2009,5210,3,35.98314757,-86.34574886,on time,NRL-213,0.18343678,30
213,569,3,Food Delivery,Straight Truck,Diesel,Conventional,2010,3042,15,49.91514017,-91.61843772,on time,NRL-214,0.18343678,30
214,570,3,Food Delivery,Straight Truck,Diesel,Conventional,2013,3378,2,48.478059,-82.96142859,on time,NRL-215,0.18343678,30
215,571,3,Food Delivery,Straight Truck,Diesel,Conventional,2006,3122,15,39.19876789,-83.60942232,idle,NRL-216,0.18343678,30
216,572,3,Food Delivery,Straight Truck,Diesel,Conventional,2006,4745,19,49.07536093,-93.30703021,on time,NRL-217,0.18343678,30
217,573,3,Food Delivery,Straight Truck,Diesel,Conventional,2016,4530,0,42.74084984,-92.7931043,delayed,NRL-218,0.18343678,30
218,574,3,Food Delivery,Straight Truck,Diesel,Conventional,2016,5267,18,40.2576061,-95.18007737,on time,NRL-219,0.18343678,30
219,575,3,Food Delivery,Straight Truck,Diesel,Conventional,2012,3296,8,43.2108542,-97.14808263,delayed,NRL-220,0.18343678,30
220,576,4,Parcel Delivery,Walk In,Diesel,Parallel Hybrid,2009,5697,2,37.50979938,-113.9588575,on time,NRL-221,0.18343678,30
221,577,4,Parcel Delivery,Walk In,Diesel,Parallel Hybrid,2000,6017,25,45.56692449,-93.00417625,on time,NRL-222,0.57023287,1
222,578,4,Parcel Delivery,Walk In,Diesel,Conventional,2016,5507,0,34.38030997,-94.98691493,on time,NRL-223,0.2030628,30
223,579,4,Parcel Delivery,Walk In,Diesel,Conventional,2009,6986,17,47.80810298,-116.24494579999998,unused,NRL-224,0.2030628,30
